{
  "tensorflow": {
    "accuracy": 0.9876543209876543,
    "precision": 0.9795081967213115,
    "recall": 1.0,
    "f1": 0.989648033126294,
    "auc": 0.9999495891515854,
    "confusion_matrix": [
      [
        161,
        5
      ],
      [
        0,
        239
      ]
    ],
    "ms_per_image": 36.77749810395418
  },
  "pytorch": {
    "accuracy": 0.9950617283950617,
    "precision": 0.991701244813278,
    "recall": 1.0,
    "f1": 0.9958333333333333,
    "auc": 0.9999243837273781,
    "confusion_matrix": [
      [
        164,
        2
      ],
      [
        0,
        239
      ]
    ],
    "ms_per_image": 44.7731359505359
  }
}